{
  "project_info": {
    "project_number": "289613537774",
    "firebase_url": "https://proj-72654.firebaseio.com",
    "project_id": "proj-72654",
    "storage_bucket": "proj-72654.appspot.com"
  },
  "client": [
    {
      "client_info": {
        "mobilesdk_app_id": "1:289613537774:android:6a351cbaa6422f54fa6eff",
        "android_client_info": {
          "package_name": "com.example.jahnavigottimukkala.proj"
        }
      },
      "oauth_client": [
        {
          "client_id": "289613537774-atb7k41fge40lbt1oisf6ct6bc63ncit.apps.googleusercontent.com",
          "client_type": 1,
          "android_info": {
            "package_name": "com.example.jahnavigottimukkala.proj",
            "certificate_hash": "288cd219dd004d967688c55f05a357601a9d8880"
          }
        },
        {
          "client_id": "289613537774-nsk2eq5t360hh379v5e0o180l9oof2pb.apps.googleusercontent.com",
          "client_type": 3
        }
      ],
      "api_key": [
        {
          "current_key": "AIzaSyB9qvqjtH7Z_4x1x0bceT9q3ng6RmXspkw"
        }
      ],
      "services": {
        "appinvite_service": {
          "other_platform_oauth_client": [
            {
              "client_id": "289613537774-nsk2eq5t360hh379v5e0o180l9oof2pb.apps.googleusercontent.com",
              "client_type": 3
            }
          ]
        }
      }
    }
  ],
  "configuration_version": "1"
}